<?xml version="1.0" encoding="utf-8" ?>
<Defs>
	<ToolBox.SettingsDef>
		<defName>ArchitectExpandedFences</defName>
		<label>[AE] Fences</label>
		<level>Middle</level>
		<configurator>
			<li>
				<thingList>
						<li>
							<defName>Closeboard</defName>
							<label>Closeboard</label>
						</li>
						<li>
							<defName>Farm</defName>
							<label>Farm</label>
						</li>
						<li>
							<defName>Solid</defName>
							<label>Solid</label>
						</li>
						<li>
							<defName>Picket</defName>
							<label>Picket</label>
						</li>
						<li>
							<defName>Bar</defName>
							<pos>4</pos>
							<label>Bar</label>
						</li>
						<li>
							<defName>TallChainLink</defName>
							<pos>4</pos>
							<label>Chainlink</label>
						</li>
						<li>
							<defName>ShortBrick</defName>
							<pos>8</pos>
							<label>Brick (short)</label>
						</li>
						<li>
							<defName>TallBrick</defName>
							<pos>8</pos>
							<label>Brick (tall)</label>
						</li>
				</thingList>
				<labelCol>
					<header>Fences</header>
					<headerPos>16.75</headerPos>
					<width>80</width>
				</labelCol>
				<costCol>
					<drawDefault>true</drawDefault>
					<x>85</x>
				</costCol>
				<baseHPCol>
					<drawDefault>true</drawDefault>
					<x>130</x>
				</baseHPCol>
				<flammabilityCol>
					<drawDefault>true</drawDefault>
					<x>191</x>
				</flammabilityCol>
				<beautyCol>
					<drawDefault>true</drawDefault>
					<x>281</x>
				</beautyCol>
				<workCol>
					<drawDefault>true</drawDefault>
					<x>334.5</x>
				</workCol>
				<pathCol>
					<drawDefault>true</drawDefault>
					<x>379.5</x>
				</pathCol>
				<fillCol>
					<drawDefault>true</drawDefault>
					<x>424.5</x>
				</fillCol>
				<passabilityCol>
					<drawDefault>true</drawDefault>
					<x>460.5</x>
				</passabilityCol>
				<linkCol>
					<drawDefault>true</drawDefault>
					<x>595.5</x>
				</linkCol>
				<roofCol>
					<drawDefault>true</drawDefault>
					<x>675.5</x>
				</roofCol>
				<terrainCol>
					<drawDefault>true</drawDefault>
					<x>755.5</x>
				</terrainCol>
				<resetButton>
					<drawDefault>true</drawDefault>
					<y>230</y>
					<x>135</x>
				</resetButton>
			</li>
		</configurator>

		<design>
			<label>
				<li>
					<text>Reset fence settings: </text>
					<y>230</y>
				</li>
			</label>
		</design>

	</ToolBox.SettingsDef>
</Defs>